-- phpMyAdmin SQL Dump
-- version 5.2.1deb3
-- https://www.phpmyadmin.net/
--
-- Host: localhost:3306
-- Generation Time: Apr 20, 2026 at 04:25 AM
-- Server version: 10.11.14-MariaDB-0ubuntu0.24.04.1
-- PHP Version: 8.3.6

SET SQL_MODE = "NO_AUTO_VALUE_ON_ZERO";
START TRANSACTION;
SET time_zone = "+00:00";


/*!40101 SET @OLD_CHARACTER_SET_CLIENT=@@CHARACTER_SET_CLIENT */;
/*!40101 SET @OLD_CHARACTER_SET_RESULTS=@@CHARACTER_SET_RESULTS */;
/*!40101 SET @OLD_COLLATION_CONNECTION=@@COLLATION_CONNECTION */;
/*!40101 SET NAMES utf8mb4 */;

--
-- Database: `iit`
--

-- --------------------------------------------------------

--
-- Table structure for table `actors`
--

CREATE TABLE `actors` (
  `actorid` int(10) UNSIGNED NOT NULL,
  `first_names` varchar(50) NOT NULL,
  `last_name` varchar(50) NOT NULL,
  `dob` date DEFAULT NULL
) ENGINE=InnoDB DEFAULT CHARSET=utf8mb4 COLLATE=utf8mb4_general_ci;

--
-- Dumping data for table `actors`
--

INSERT INTO `actors` (`actorid`, `first_names`, `last_name`, `dob`) VALUES
(1, 'Marilyn', 'Monroe', '1926-06-01'),
(2, 'Winona', 'Ryder', '1971-10-29'),
(3, 'Audrey', 'Hepburn', '1929-05-04'),
(4, 'Emma', 'Stone', '1988-11-06'),
(5, 'Cate', 'Blanchett', '1969-05-14'),
(6, 'Joanne', 'Woodward', '1930-02-27'),
(7, 'Scarlett', 'Johansson', '1984-11-22');

-- --------------------------------------------------------

--
-- Table structure for table `movies`
--

CREATE TABLE `movies` (
  `movieid` int(10) UNSIGNED NOT NULL,
  `title` varchar(100) NOT NULL,
  `year` char(4) DEFAULT NULL
) ENGINE=InnoDB DEFAULT CHARSET=utf8mb4 COLLATE=utf8mb4_general_ci;

--
-- Dumping data for table `movies`
--

INSERT INTO `movies` (`movieid`, `title`, `year`) VALUES
(1, 'Elizabeth', '1998'),
(2, 'Black Widow', '2021'),
(3, 'Oh Brother Where Art Thou?', '2000'),
(4, 'The Lord of the Rings: The Fellowship of the Ring', '2001'),
(5, 'Up in the Air', '2009');

-- --------------------------------------------------------

--
-- Table structure for table `movie_actors`
--

CREATE TABLE `movie_actors` (
  `id` int(10) UNSIGNED NOT NULL,
  `movieid` int(10) UNSIGNED NOT NULL,
  `actorid` int(10) UNSIGNED NOT NULL
) ENGINE=InnoDB DEFAULT CHARSET=utf8mb4 COLLATE=utf8mb4_general_ci;

--
-- Dumping data for table `movie_actors`
--

INSERT INTO `movie_actors` (`id`, `movieid`, `actorid`) VALUES
(1, 1, 3),
(2, 2, 5),
(3, 2, 7),
(4, 3, 1),
(5, 4, 2),
(6, 5, 4);

--
-- Indexes for dumped tables
--

--
-- Indexes for table `actors`
--
ALTER TABLE `actors`
  ADD PRIMARY KEY (`actorid`);

--
-- Indexes for table `movies`
--
ALTER TABLE `movies`
  ADD PRIMARY KEY (`movieid`);

--
-- Indexes for table `movie_actors`
--
ALTER TABLE `movie_actors`
  ADD PRIMARY KEY (`id`),
  ADD KEY `movieid` (`movieid`),
  ADD KEY `actorid` (`actorid`);

--
-- AUTO_INCREMENT for dumped tables
--

--
-- AUTO_INCREMENT for table `actors`
--
ALTER TABLE `actors`
  MODIFY `actorid` int(10) UNSIGNED NOT NULL AUTO_INCREMENT, AUTO_INCREMENT=8;

--
-- AUTO_INCREMENT for table `movies`
--
ALTER TABLE `movies`
  MODIFY `movieid` int(10) UNSIGNED NOT NULL AUTO_INCREMENT, AUTO_INCREMENT=6;

--
-- AUTO_INCREMENT for table `movie_actors`
--
ALTER TABLE `movie_actors`
  MODIFY `id` int(10) UNSIGNED NOT NULL AUTO_INCREMENT, AUTO_INCREMENT=7;

--
-- Constraints for dumped tables
--

--
-- Constraints for table `movie_actors`
--
ALTER TABLE `movie_actors`
  ADD CONSTRAINT `movie_actors_ibfk_1` FOREIGN KEY (`movieid`) REFERENCES `movies` (`movieid`),
  ADD CONSTRAINT `movie_actors_ibfk_2` FOREIGN KEY (`actorid`) REFERENCES `actors` (`actorid`);
COMMIT;

/*!40101 SET CHARACTER_SET_CLIENT=@OLD_CHARACTER_SET_CLIENT */;
/*!40101 SET CHARACTER_SET_RESULTS=@OLD_CHARACTER_SET_RESULTS */;
/*!40101 SET COLLATION_CONNECTION=@OLD_COLLATION_CONNECTION */;
